,speed,license_plate,color,time
0,51.0, 487-YNB, PaleGreen,800
1,48.0, 382 PLS, LightSkyBlue,801
2,50.0, YDT4892, Magenta,801
3,50.0, XC-5781, MidnightBlue,801
4,51.0, 9-K3877, Turquoise,802
5,46.5, BZ8 0160, Snow,802
6,46.5, 5HX1393, LawnGreen,802
7,49.5, ZR 7115, Teal,803
8,49.5, DJR-418, MediumSeaGreen,804
9,46.0, 894 GZT, Red,804
10,50.0, 965934, GhostWhite,804
11,46.0, MFB 947, CornflowerBlue,805
12,47.0, 220186, Violet,806
13,48.5, 339QZ, PeachPuff,807
14,49.0, 7IO 515, DarkOrange,807
15,48.5, SUK-330, LightPink,807
16,51.0, 256 WHL, Chocolate,808
17,49.0, ZE-3098, Cornsilk,808
18,46.5, 1399, DarkOrchid,808
19,51.5, CLD 090, GoldenRod,810
20,50.5, LWD 730, Beige,810
21,50.0, 413 NTD, Cornsilk,811
22,47.0, J20 8LN, SeaGreen,812
23,46.5, 634 TDW, MintCream,812
24,51.0, PSF 302, DodgerBlue,812
25,47.5, 9QID 72, Aquamarine,812
26,51.0, V45-NSQ, Orange,812
27,51.5, 80IE7, Cyan,813
28,49.0, 8XB4237, MidnightBlue,814
29,49.0, 99J VL2, Magenta,814
30,50.0, 109-XNU, GoldenRod,816
31,50.0, KFH-3769, PapayaWhip,816
32,50.0, MWS6027, Coral,818
33,48.5, WF7 8789, AliceBlue,819
34,47.0, PKJ7063, DarkBlue,819
35,51.5, 6EA 650, HotPink,820
36,48.5, 08WY913, DarkOrchid,820
37,47.5, 44U G21, Sienna,821
38,51.0, UCA 471, LightCyan,821
39,51.0, UQU5124, Azure,822
40,50.0, 485 BGV, Moccasin,822
41,48.5, 097-765, WhiteSmoke,822
42,51.5, KGM 940, DarkSlateGray,823
43,51.0, IKK 515, Blue,824
44,49.5, 945 IFE, Orchid,824
45,51.0, EJD-7304, Fuchsia,824
46,49.0, XCJ 654, PapayaWhip,825
47,51.0, DRP P55, DarkRed,825
48,49.5, 604-DWP, MediumSeaGreen,826
49,51.0, VEF-9611, DarkBlue,826
50,47.5, X 306016, Tomato,826
51,46.0, OPZ 936, DarkBlue,827
52,49.0, 263 HIS, MintCream,827
53,50.0, 873 CWA, DarkOrchid,828
54,46.5, MIG-0392, DarkKhaki,828
55,46.5, O 658219, SlateBlue,830
56,51.5, SM 6875, SpringGreen,830
57,50.5, UVG-8930, MediumSpringGreen,831
58,51.0, XKK0824, DeepSkyBlue,831
59,51.5, 7SJ W11, Tomato,831
60,51.0, 040 CHE, RosyBrown,832
61,48.5, 2FZ7586, Wheat,832
62,51.5, 891-BSCV, Pink,834
63,47.5, 3-48967, Orange,834
64,50.0, 00S H24, Tan,835
65,47.5, 451-744, PaleTurquoise,836
66,46.5, 223-ZMB, LightSlateGray,836
67,47.5, KBB 762, SlateGray,836
68,47.0, 25W C60, SeaGreen,837
69,49.0, 720-OBD, BlanchedAlmond,837
70,51.0, 25T 185, GoldenRod,838
71,47.0, 710-ZYY, SeaGreen,839
72,48.0, 19U KU4, DarkSalmon,839
73,49.5, 183-ZJX, Blue,839
74,47.0, OLY 375, Crimson,840
75,51.0, 089 BPI, IndianRed,840
76,51.0, 8C 6Y8UYQ, Linen,842
77,47.5, 611 ENS, PapayaWhip,843
78,49.5, 207-DNY, Plum,844
79,50.0, 0N754, Cyan,844
80,48.0, 505 CD5, Fuchsia,846
81,46.5, 19HL230, GreenYellow,846
82,50.5, 10VX4, NavajoWhite,846
83,47.5, ATH 227, DarkOliveGreen,847
84,49.5, 203-LWI, MistyRose,848
85,47.5, 4PJ8529, Cyan,849
86,48.5, RSJ F62, DarkSalmon,849
87,50.5, 3K QH245, PeachPuff,849
88,51.0, 90BE6, Crimson,849
89,51.5, CEN-4862, Peru,850
90,49.5, 375 ULC, Wheat,850
91,46.5, 6MNA573, Navy,850
92,48.5, PCF 141, DeepSkyBlue,851
93,49.5, OMF-6623, SaddleBrown,851
94,47.5, 7QEL 17, GreenYellow,851
95,49.0, AWO 970, IndianRed,852
96,48.5, 489 DYU, DeepSkyBlue,852
97,47.5, WYP 173, YellowGreen,853
98,46.0, 4-0140M, AliceBlue,853
99,51.0, MQ 96714, MidnightBlue,853
100,50.5, 910YVG, Cornsilk,854
101,46.5, JR5 1832, CornflowerBlue,855
102,49.5, 48-2983J, White,855
103,51.0, NUR M44, Red,855
104,47.0, 211 SUE, Olive,856
105,51.5, SO4 E5R, Sienna,856
106,46.5, 785-NGP, Snow,858
107,47.5, BOJ 270, IndianRed,858
108,49.0, 5760, Violet,858
109,49.5, 605-VCV, BlueViolet,858
110,50.5, 432 TAI, LightSlateGray,859
111,49.0, MDN 756, FloralWhite,859
112,46.5, 6NU2728, Maroon,859
113,46.0, 756 6GF, SlateGray,859
114,47.4, 373-XHZ, BurlyWood,900
115,48.4, 125-BHU, Chartreuse,900
116,48.4, 394-UVF, DarkCyan,900
117,47.6, QYJ5670, Tomato,900
118,48.2, 6UR97, SlateGray,900
119,48.6, WP 35400, CadetBlue,900
120,47.8, HLA 402, Coral,900
121,47.2, VHT 683, SaddleBrown,901
122,48.8, MKT 191, MediumAquaMarine,901
123,46.6, 5408 RO, Brown,901
124,46.8, MLC 385, Gold,901
125,47.2, I 448647, MediumTurquoise,901
126,48.0, 810-HBJ, Salmon,902
127,48.4, XOB-6777, DarkOrchid,902
128,48.4, 263-CHD, Purple,903
129,48.4, 60C NR2, LightBlue,903
130,47.0, HEI-556, DarkMagenta,904
131,47.6, JTR-347, Thistle,904
132,48.4, 44O R30, DarkOrchid,904
133,48.8, 26Z WD3, IndianRed,905
134,48.2, 886XVA, BurlyWood,905
135,48.4, M19 5UI, Khaki,905
136,48.4, 843W3, Coral,905
137,48.4, JVK 357, LightSlateGray,905
138,48.4, 0FE 885, Moccasin,905
139,46.6, 2UA 622, Teal,905
140,47.6, EYG-793, LavenderBlush,905
141,47.0, EHY 659, DarkSeaGreen,906
142,47.0, PDT-0895, SlateGray,906
143,48.0, 03J827, SkyBlue,906
144,47.4, 429 KWC, PaleGoldenRod,907
145,48.6, GKZ4603, Blue,907
146,47.8, 573 XXH, LightGoldenRodYellow,907
147,47.6, 4VF 059, Yellow,907
148,48.4, 5XUE070, Bisque,907
149,46.8, 3B 5105A, Peru,908
150,48.8, GON2542, MediumPurple,908
151,48.2, ZXN 606, LightGray,908
152,47.0, RZX-709, DarkRed,908
153,48.4, 2-08298M, DarkViolet,908
154,47.8, 302-KHF, FloralWhite,909
155,47.2, 197-CNT, DeepPink,909
156,48.2, 56T BI0, Blue,909
157,48.4, CLJ-2738, MintCream,909
158,47.6, HXY 654, Snow,910
159,48.4, AJQ 487, BlanchedAlmond,910
160,48.8, 89-84076, DarkOrchid,910
161,48.4, LP4 B0A, LightCyan,910
162,46.8, 9V438, Tomato,910
163,48.2, 1MIG 95, LemonChiffon,911
164,47.8, 5VX R22, MediumPurple,911
165,48.6, 925-ASB, MistyRose,911
166,47.2, UJK 769, Plum,911
167,47.6, ZAZ 290, Red,912
168,48.4, 749 3KA, CornflowerBlue,912
169,48.0, NIF-8212, DarkOliveGreen,912
170,47.6, 664-UZRT, Magenta,913
171,47.4, 448ANY, Violet,913
172,47.2, KKG-6208, DeepSkyBlue,913
173,47.6, 96WZ5, SandyBrown,913
174,48.8, RNU9305, Wheat,913
175,46.6, HVG 570, LightBlue,913
176,47.0, 261 9HI, RosyBrown,913
177,47.2, 7X 8132W, Purple,913
178,47.0, 446-NUM, MintCream,913
179,48.2, 07K CJ0, LightCoral,914
180,48.2, Y 666609, SeaGreen,914
181,47.4, 945 SE0, Orchid,914
182,47.2, Q95-EBC, MistyRose,914
183,48.4, 1CG8705, Bisque,914
184,47.4, 462 MEY, DarkViolet,914
185,48.6, JQ2 B2F, SkyBlue,914
186,47.0, UWY0808, Orange,915
187,47.2, LLZ 911, ForestGreen,916
188,47.8, GZ4 5448, SaddleBrown,916
189,46.8, YOR 209, Fuchsia,916
190,48.0, Q51 3BY, SaddleBrown,917
191,47.0, 82H ZO5, DarkSlateBlue,917
192,47.4, Y18-RBR, MediumSpringGreen,917
193,48.0, 1YC6959, RoyalBlue,917
194,47.4, 5MQ1250, Gainsboro,918
195,48.4, EAK 930, PaleVioletRed,918
196,47.6, B60 9WJ, FloralWhite,919
197,47.4, 075 CN9, LightCyan,919
198,48.6, 976J2, Black,919
199,47.6, 43Z615, DarkGray,919
200,48.6, A26 9LA, Aquamarine,919
201,47.0, 8771 OZ, CadetBlue,920
202,47.0, MZZ-408, DarkGray,920
203,47.2, 702-KLD, Tomato,920
204,48.4, ZJB-0652, DarkViolet,920
205,48.8, HFY 239, MediumPurple,920
206,46.8, 7603, LawnGreen,921
207,48.0, J35 3KF, DodgerBlue,921
208,48.8, 59-2690O, DodgerBlue,921
209,46.6, 6AV 220, Bisque,922
210,46.8, 0019 QA, DarkViolet,922
211,47.6, VZM 066, MediumSeaGreen,922
212,48.6, 838-HEL, PaleGoldenRod,923
213,48.8, ENS-516, PowderBlue,923
214,48.8, 63P 6376, CornflowerBlue,923
215,47.4, IQ 58099, Sienna,923
216,47.0, 9I 5618B, BurlyWood,923
217,48.4, WM 0666, DarkKhaki,923
218,47.6, 225-OTO, Sienna,924
219,47.6, 9-48155F, DarkTurquoise,924
220,47.2, LYP-8034, Fuchsia,924
221,47.0, 4SK 604, Plum,925
222,47.8, VNI6352, DarkSeaGreen,925
223,48.6, 069 TLF, Orchid,925
224,47.0, 116 8822, DeepSkyBlue,926
225,47.8, 3F 08275, LightSlateGray,926
226,47.4, 164-ZKV, DimGray,926
227,48.6, 8UQK 26, Linen,926
228,47.6, 6M 7846L, PaleTurquoise,926
229,46.8, VE-2099, Tomato,926
230,48.4, WYU W39, Thistle,927
231,46.8, 926 IWX, DarkBlue,927
232,48.6, ADL7517, NavajoWhite,927
233,47.0, 7WI 328, Crimson,927
234,48.0, 286 FAU, HoneyDew,928
235,46.6, 64-W092, Orange,928
236,47.0, ZOS 061, PaleGreen,928
237,47.4, 7HQ0791, LightGreen,928
238,47.8, 742-PRUM, Khaki,928
239,47.0, 927 LFJ, CornflowerBlue,929
240,48.4, 681-PMS, LightGray,930
241,46.8, 251-HDJ, DarkSlateGray,930
242,46.6, 29BV8, Gray,930
243,47.0, 8BM9717, MediumTurquoise,931
244,47.6, 3DVA 37, Magenta,931
245,48.8, 758HA, MediumSpringGreen,931
246,46.6, 149635, Olive,932
247,48.4, 3-4375E, LightSkyBlue,932
248,46.6, 165-TEY, SteelBlue,932
249,46.6, H56-UWL, LightSeaGreen,932
250,48.2, 417 MY4, DarkOrchid,933
251,48.2, 32-EL57, Khaki,933
252,46.6, 787 VMM, Indigo,933
253,48.2, 847M3, Maroon,934
254,48.0, VAC 756, Khaki,934
255,48.6, 9-B0614, Green,934
256,48.2, 1KF 250, Lavender,934
257,48.6, 021 AMR, Green,934
258,47.2, 089-XOG, PapayaWhip,934
259,47.0, 366-RFH, Sienna,935
260,48.0, 6NG0940, MediumTurquoise,935
261,47.4, LKV7298, DarkGoldenRod,935
262,47.6, DW 14029, DarkSlateBlue,935
263,46.8, 5GS V36, Teal,936
264,46.6, 718-DRDW, RosyBrown,936
265,48.4, F26-ORK, LightCyan,936
266,46.6, 5CS Q37, LightBlue,937
267,47.6, 6PY 070, PaleGreen,937
268,48.6, 7-3634Y, Silver,937
269,48.4, E57-HOJ, DeepPink,937
270,47.0, VCG 481, Chocolate,938
271,46.8, KBK 927, Orange,938
272,48.6, 673G2, OrangeRed,938
273,48.2, 583ZZY, MediumOrchid,938
274,47.0, LQR 996, DeepPink,938
275,47.4, W93 9TP, Purple,938
276,48.2, HPT5830, Brown,938
277,47.4, 9EHO318, Peru,938
278,47.4, U57 3JV, DodgerBlue,939
279,46.6, 767 RLW, MediumAquaMarine,939
280,47.6, 123 1267, Yellow,939
281,47.0, 0L 06316, PaleVioletRed,940
282,47.8, 287 GUA, Magenta,940
283,47.6, 1RR C97, Aquamarine,940
284,47.4, 9N 54103, Black,940
285,47.8, 7QL E41, RosyBrown,941
286,48.4, 685HM, Khaki,941
287,47.6, 2IC B59, SlateBlue,941
288,48.2, 560-QPN, DarkOrange,941
289,48.4, 2-T2016, LightBlue,941
290,47.6, UII6154, Navy,942
291,47.0, 88Z UG0, MediumSlateBlue,942
292,48.2, 704 RAF, MediumPurple,942
293,48.4, LDT8614, DarkKhaki,942
294,47.6, CSE 708, Ivory,942
295,46.8, 3DR 236, Green,943
296,48.0, 75W X24, MediumVioletRed,943
297,47.6, GGO-5248, AliceBlue,943
298,47.6, 501-VKJ, Aquamarine,943
299,48.8, ZDF 438, MediumTurquoise,943
300,48.4, 88-CN61, Cyan,943
301,48.0, 4OK F36, LightSlateGray,943
302,48.4, AAU4155, LightSlateGray,944
303,46.6, 824ZWH, Chartreuse,944
304,46.8, 345-NIS, White,944
305,48.2, OWD-652, Turquoise,945
306,47.4, 760HWZ, LawnGreen,945
307,48.8, 270-JDF, MistyRose,945
308,48.2, NDQ 3744, PaleGreen,945
309,48.2, 0-P2853, LightBlue,945
310,48.2, HZJ 228, LightCoral,946
311,47.0, 623 AFH, DarkSalmon,946
312,47.6, 3VF 840, Salmon,946
313,48.8, B 626863, OliveDrab,946
314,46.6, QPD-218, Aqua,946
315,46.8, 674-AXH, PaleVioletRed,947
316,47.6, 4VM 129, LemonChiffon,947
317,48.8, GBY-0817, LightBlue,947
318,48.8, 29-WY84, Aquamarine,947
319,47.2, 55E 548, LightCoral,947
320,48.2, APZ3965, Sienna,948
321,47.2, 455 OEP, Olive,948
322,46.8, SMW 849, LavenderBlush,949
323,47.4, MNG 482, Teal,949
324,47.0, ZTQ8875, LightGoldenRodYellow,949
325,47.8, 7-J8034, Salmon,950
326,48.2, CAG 914, AliceBlue,950
327,48.4, 2F T5940, Azure,950
328,47.6, 367 TFJ, MistyRose,951
329,47.0, 610 CS2, Aquamarine,951
330,48.4, 45R 363, MediumAquaMarine,951
331,47.6, LZF 729, Tan,951
332,46.8, 3-00690S, DarkSlateBlue,951
333,48.4, 930-CNJK, MediumSlateBlue,952
334,48.4, KVX4779, MediumPurple,952
335,47.4, 172U, DarkMagenta,952
336,46.8, 697 IRW, PeachPuff,953
337,46.6, 6FT21, DarkOliveGreen,953
338,48.6, LXP 416, LightGray,953
339,48.4, 588ZD, Crimson,953
340,48.6, 02BT166, SkyBlue,954
341,47.2, 5216, Ivory,954
342,46.8, 096GNA, DarkSeaGreen,954
343,47.4, XWJ-668, Chartreuse,955
344,48.0, 823-ORE, FloralWhite,955
345,47.2, 974443, PaleGreen,955
346,48.2, 0A810, LightSkyBlue,955
347,47.8, YEY 821, MediumSeaGreen,956
348,46.8, 2XK5911, Navy,956
349,48.6, 7I 57788, DarkBlue,956
350,47.8, 687-KOM, Pink,956
351,46.8, CHE 685, DarkViolet,957
352,47.8, EEB-691, CornflowerBlue,957
353,48.8, ISJ 5769, MediumAquaMarine,957
354,48.8, 853-VTO, SteelBlue,957
355,48.2, XMZ5580, LightBlue,958
356,47.0, 156 9CP, LemonChiffon,958
357,48.8, 109 AQQ, MintCream,958
358,48.4, 477 LFK, PeachPuff,958
359,48.8, 3ZU7520, Silver,958
360,47.4, VFM 4973, Bisque,958
361,46.6, OTT2975, MediumOrchid,958
362,48.2, 2-S8663, NavajoWhite,958
363,47.6, 4JH G38, Navy,958
364,48.4, 95H925, LemonChiffon,959
365,47.6, YI 8289, DarkOrange,959
366,48.6, 29-PG59, LightBlue,959
367,46.7, ZCR7346, LightPink,1009
368,47.9, 500 GLN, GoldenRod,1012
369,49.4, T 287148, LightSlateGray,1030
370,47.3, PNK 601, Chocolate,1034
371,48.5, 4FY9874, PapayaWhip,1036
372,46.7, 111-LHV, Tan,1043
373,48.8, 591 VSQ, LavenderBlush,1059
374,49.7, 419 BZD, OrangeRed,1101
375,46.7, EYS9834, LightYellow,1123
376,48.5, HFS 322, Khaki,1128
377,49.7, PZ4 2943, Cyan,1138
378,46.2, VNF3905, WhiteSmoke,1201
379,48.2, 24PV1, LightSeaGreen,1201
380,47.0, 30X 239, AliceBlue,1210
381,49.0, 27-8085E, Indigo,1211
382,48.2, 5FO73, LightSalmon,1213
383,46.6, 315W7, LightPink,1216
384,50.2, 434 RS8, OrangeRed,1221
385,47.8, 918-FMD, DarkSlateGray,1223
386,49.0, 483-OEN, Fuchsia,1225
387,48.2, CIO-5680, MediumTurquoise,1230
388,50.6, 828-XXM, DeepPink,1231
389,49.0, BJT 789, PapayaWhip,1231
390,49.0, 3O 61186, DarkRed,1233
391,49.4, 203-VOXU, Lavender,1235
392,48.2, 6D 6183T, Violet,1235
393,46.6, G 713182, GoldenRod,1236
394,48.6, SQU-9696, LightGray,1238
395,46.6, 790Z5, MediumTurquoise,1241
396,47.0, 30-37383, AntiqueWhite,1241
397,49.4, HO 7194, LightSteelBlue,1242
398,48.6, KXX 419, DarkRed,1243
399,48.2, LTT-1326, LawnGreen,1245
400,47.8, 852 PJE, DarkOrange,1252
401,48.6, 153 KKV, Green,1252
402,49.4, QWN 660, DarkTurquoise,1258
403,48.6, 42-C839, SlateGray,1303
404,47.4, 2ES 964, HotPink,1303
405,48.0, 862 FEO, Blue,1312
406,46.8, 151 YPS, DarkGreen,1318
407,47.0, HQB-0917, LightGoldenRodYellow,1319
408,47.0, SIW-8623, DarkRed,1325
409,48.4, 827S3, Aquamarine,1327
410,48.4, 2E WT299, Fuchsia,1327
411,46.6, 497-DID, LightGoldenRodYellow,1330
412,47.2, 1NB 270, MediumTurquoise,1332
413,47.6, 6IU6043, HotPink,1332
414,47.4, 923837, MediumAquaMarine,1333
415,46.8, 69YI882, MediumPurple,1334
416,48.6, 634-SUR, DarkGray,1335
417,47.8, 43-U441, NavajoWhite,1337
418,46.6, OA 6704, Teal,1339
419,48.0, Y79-98N, GoldenRod,1342
420,47.2, HAI 164, Gray,1344
421,46.6, PIQ-629, SpringGreen,1345
422,48.2, 035F, LightGoldenRodYellow,1346
423,48.2, WDV0645, GoldenRod,1346
424,46.8, 2NY1357, Red,1347
425,48.8, KVL 666, Moccasin,1350
426,47.4, 8DC 721, Aquamarine,1354
427,48.6, WMU 7361, PeachPuff,1357
428,48.8, 2VJT448, DarkRed,1357
429,47.3, VVK-020, DarkGoldenRod,1416
430,47.2, 3YKO 35, SandyBrown,1425
431,47.5, RF7 6010, DarkMagenta,1450
432,47.9, 4XG8184, DarkGoldenRod,1456
433,48.6, RTJ X03, DarkOliveGreen,1500
434,47.6, 7F227, LightGoldenRodYellow,1501
435,47.2, FOW 908, OldLace,1513
436,48.0, 163 DDJ, LightCyan,1519
437,46.6, 7MH 988, NavajoWhite,1526
438,48.8, LNU 096, Lavender,1530
439,48.6, 774LQK, MediumTurquoise,1542
440,46.6, 223Y, SandyBrown,1548
441,47.0, 5794 UA, LightBlue,1557
442,47.6, 823 DOX, Orange,1600
443,48.2, TKR-2076, SeaGreen,1600
444,51.2, 03-L931, SlateGray,1601
445,50.6, 886 9VC, LightSeaGreen,1601
446,50.6, 6C 08750, Gray,1602
447,51.8, 67J YY8, LightSkyBlue,1603
448,52.4, 666-BCL, Lavender,1603
449,47.6, 064PMR, SlateBlue,1603
450,46.4, MVN 699, LimeGreen,1604
451,48.8, R92-LJN, MediumTurquoise,1605
452,45.8, NOO4135, Lavender,1605
453,49.4, 2AT K27, CornflowerBlue,1606
454,50.0, FT-0320, Turquoise,1606
455,49.4, 624N6, Purple,1607
456,47.6, 721 RBF, DarkOrange,1607
457,51.2, X44-JXZ, OrangeRed,1607
458,46.4, SIK7104, Indigo,1607
459,50.0, 48U361, Peru,1608
460,45.8, 504 BZC, Magenta,1608
461,51.8, 0ABT292, SeaShell,1610
462,47.0, CSE 082, DarkKhaki,1610
463,51.8, WCT-131, SlateBlue,1610
464,50.6, 1-C7782, Yellow,1611
465,48.8, ELX N82, Cyan,1611
466,47.6, QBX-8316, Navy,1612
467,52.4, KRW 9864, LawnGreen,1613
468,51.8, 129-654, MidnightBlue,1613
469,50.0, 243-LAAA, DarkSlateGray,1613
470,52.4, LDP 724, LightGoldenRodYellow,1613
471,45.8, BFV5531, SteelBlue,1615
472,51.8, EUI-5319, LemonChiffon,1616
473,46.4, 146 ZM8, MintCream,1617
474,52.4, UKH6068, LightPink,1618
475,52.4, HIB 415, PapayaWhip,1618
476,47.0, 4YV3245, Violet,1619
477,45.8, D39 9FP, Cornsilk,1619
478,51.8, 0-40092J, MediumPurple,1620
479,50.0, KMH 983, BlanchedAlmond,1620
480,46.4, R78 7YG, MediumSeaGreen,1620
481,51.8, 0LD 652, Silver,1621
482,47.6, 6X 9V0XUZ, Gold,1621
483,51.2, 62X PN2, Pink,1623
484,47.0, 3OX X41, DimGray,1623
485,51.8, 042-124, Fuchsia,1623
486,51.2, IQU 658, Peru,1624
487,48.8, ODI-954, LightCoral,1624
488,51.2, 9JM 807, Thistle,1624
489,50.6, 600-GNIX, PapayaWhip,1625
490,46.4, CZI-007, Orange,1625
491,48.2, LRP-878, Sienna,1625
492,47.6, 9FZ 095, HoneyDew,1626
493,50.6, 129 NCH, SaddleBrown,1626
494,52.4, EPK-7274, SlateGray,1626
495,51.8, 3WQX 05, Teal,1628
496,50.0, MR9 1428, DarkSlateGray,1628
497,50.0, CK 3007, SeaShell,1628
498,48.2, SQB-279, DarkSlateBlue,1629
499,52.4, 414-527, NavajoWhite,1630
500,51.2, 914 KDD, Linen,1630
501,52.4, 0LF 766, HotPink,1630
502,52.4, 647676, DarkViolet,1630
503,52.4, ZGY 634, Cornsilk,1631
504,51.8, OKL4753, DodgerBlue,1632
505,48.8, 253 7218, Red,1632
506,49.4, KFC 524, MintCream,1633
507,48.2, 16WD5, MediumOrchid,1634
508,46.4, 342 KYA, FloralWhite,1634
509,52.4, FPH-184, DarkMagenta,1636
510,52.4, 677MXC, DarkTurquoise,1636
511,48.2, EBD2169, DarkGray,1636
512,51.8, 134CSS, PaleGreen,1637
513,47.0, KQO 452, PaleGreen,1637
514,49.4, FF1 3857, DarkGoldenRod,1638
515,47.0, 4QN7025, ForestGreen,1639
516,52.4, HHC-2761, MistyRose,1639
517,50.0, 3-15233, Maroon,1640
518,49.4, 97PK8, LightPink,1641
519,47.6, ATV 924, Gray,1641
520,47.0, 721-RWDJ, BurlyWood,1641
521,49.4, 88Q998, OldLace,1641
522,52.4, 95-3572K, Turquoise,1642
523,47.6, 7XA 201, Azure,1643
524,47.0, YDB5431, BurlyWood,1643
525,52.4, 2-5689H, NavajoWhite,1643
526,51.8, 60-9390G, RosyBrown,1644
527,45.8, ANE-3192, MediumAquaMarine,1644
528,46.4, 4-47586, SlateGray,1644
529,45.8, 8ZI4785, PaleGoldenRod,1645
530,48.2, 4KM03, SeaGreen,1645
531,48.2, 4-66227, Gold,1645
532,45.8, ZTG 148, Tan,1645
533,46.4, HSF 717, LightBlue,1646
534,50.6, 1-F0801, DarkGray,1646
535,47.0, 3EE S55, DarkGreen,1646
536,47.0, MP-2598, GreenYellow,1646
537,52.4, 99H Y79, LightSlateGray,1647
538,49.4, EN-1322, LightGreen,1648
539,48.2, 527ZV, MediumSlateBlue,1648
540,50.6, 600 DYC, Gold,1649
541,47.6, 5NHZ 69, DarkRed,1649
542,50.0, 9CP7436, Chocolate,1649
543,50.6, 1KF 847, AntiqueWhite,1650
544,46.4, U28-95F, SaddleBrown,1651
545,51.2, CZM 474, Black,1651
546,51.8, AZ1 O2Z, Lime,1651
547,47.0, 2JT7709, MediumOrchid,1652
548,47.6, NZA 429, DimGray,1653
549,51.8, 782-NYQ, PeachPuff,1653
550,51.8, 5EWR 92, DarkBlue,1654
551,50.0, 313730, OldLace,1654
552,46.4, 9IL4780, Magenta,1655
553,47.0, 70-NH89, Orchid,1655
554,47.6, 395-ZZK, LightYellow,1656
555,47.0, HFX 431, MidnightBlue,1657
556,49.4, MEJ-4926, Black,1658
557,48.2, 6CF61, Crimson,1658
558,51.2, 381S3, MediumBlue,1658
559,49.4, 912-ORW, DimGray,1659
560,52.4, 99-90743, WhiteSmoke,1659
561,49.4, 0PCA932, Snow,1659
562,49.4, 3-84991, DeepPink,1659
563,50.6, 095 RZZ, Magenta,1700
564,45.8, 409 ZHS, PaleVioletRed,1700
565,47.6, 451 CK4, DeepPink,1700
566,52.4, 096 BX0, Plum,1701
567,48.8, 2N 9S7OJA, WhiteSmoke,1701
568,50.6, 012-UYA, OrangeRed,1701
569,48.8, 381-TFX, Black,1702
570,45.8, 260 MMJ, MediumAquaMarine,1702
571,48.8, NQG-8593, BlanchedAlmond,1702
572,52.4, 80-3572P, Gray,1703
573,45.8, 1B G4554, DarkTurquoise,1703
574,48.8, LSX 640, Olive,1703
575,45.8, 726 YSZ, Indigo,1703
576,49.4, 6-28795Y, Brown,1703
577,45.8, T38 6QH, SlateBlue,1703
578,49.4, 8S XC122, LimeGreen,1704
579,46.4, 5129, Wheat,1704
580,46.4, Z86-40F, Moccasin,1704
581,50.6, BQG7946, Chocolate,1704
582,46.4, 3-94351, LightGreen,1705
583,47.6, LJB-415, LightSkyBlue,1705
584,48.8, MKH 333, OldLace,1706
585,47.6, R25 6IV, Bisque,1706
586,47.6, VBR-614, Green,1707
587,47.6, 186 JXC, MidnightBlue,1707
588,52.4, KEZ 144, ForestGreen,1707
589,49.4, JHR-931, Silver,1707
590,52.4, MLN 451, DarkSlateGray,1707
591,48.8, 582 1767, MediumAquaMarine,1707
592,52.4, 40J PE6, Coral,1708
593,51.2, 921 1634, DarkMagenta,1708
594,47.0, USJ 809, BurlyWood,1708
595,51.2, XN3 Q3L, DodgerBlue,1709
596,50.0, UDD 892, LightYellow,1709
597,50.0, 362 PQ9, GhostWhite,1710
598,51.2, 0FYV 52, DarkKhaki,1710
599,47.0, 181 KTH, Silver,1710
600,47.6, TWP 459, DarkGoldenRod,1711
601,46.4, 6B 48539, MediumSpringGreen,1711
602,45.8, XZ1 7201, Purple,1712
603,49.4, IYK4705, MediumBlue,1712
604,47.0, H55 6LX, Green,1712
605,48.8, 846 MUS, Beige,1712
606,48.2, 621 DKA, DarkSalmon,1712
607,50.0, 353VRJ, DarkBlue,1713
608,48.8, 6-5401H, Salmon,1713
609,45.8, 327UM, Aqua,1713
610,50.0, HAF 901, NavajoWhite,1713
611,50.6, 03-37449, Navy,1714
612,46.4, URK-7980, LemonChiffon,1714
613,47.6, 312 1XG, BlueViolet,1714
614,49.4, 19R 967, RoyalBlue,1714
615,49.4, AXT 858, HoneyDew,1714
616,52.4, 846 9TJ, Turquoise,1714
617,47.6, 0-79936, LightGray,1714
618,50.6, VJX-159, LightCyan,1715
619,49.4, QIO-7194, MediumBlue,1715
620,46.4, CWN 501, MediumPurple,1716
621,46.4, 9DR G00, Azure,1716
622,47.0, 807 XOD, LavenderBlush,1716
623,47.0, 436QJ, RosyBrown,1716
624,51.2, 999-JKA, LightYellow,1717
625,48.2, KWC E67, LightGray,1717
626,47.0, 3IT 287, SeaGreen,1717
627,46.4, PD1 2804, MistyRose,1717
628,50.6, 6LB5247, Brown,1717
629,51.8, 495 QJK, Crimson,1718
630,47.6, 7AZ 925, LightYellow,1718
631,47.0, IPA 723, MediumTurquoise,1718
632,46.4, 6D 9U0BMO, MediumOrchid,1718
633,51.2, 0743, Fuchsia,1718
634,48.8, 168 0412, Chartreuse,1718
635,52.4, 89IN415, SkyBlue,1719
636,47.6, 5KI 308, LavenderBlush,1719
637,48.2, 06-Q508, Green,1719
638,48.2, 308-XDR, Maroon,1719
639,51.8, ZWH 978, Snow,1719
640,47.0, 7-F4205, LightYellow,1719
641,48.2, KUI-3600, DarkGreen,1720
642,49.4, TKS2008, DodgerBlue,1720
643,47.0, 2EC 282, PaleTurquoise,1720
644,47.6, 590-ALJ, LavenderBlush,1720
645,47.0, 5AL Y51, NavajoWhite,1720
646,47.0, 35C N94, DeepPink,1721
647,46.4, 9Q F2815, DarkGray,1721
648,50.6, 74F LI7, GhostWhite,1721
649,50.6, NLD 524, Fuchsia,1721
650,47.6, 5OYC 54, MidnightBlue,1721
651,46.4, NGG 297, Pink,1721
652,50.0, 30ZS5, DarkSlateBlue,1721
653,52.4, 7691, CadetBlue,1722
654,46.4, 360-JTW, Khaki,1722
655,51.2, TP6 P6T, PaleGreen,1722
656,50.0, 5JFF189, RoyalBlue,1722
657,50.6, HSM 324, Azure,1722
658,50.0, 57Z583, Magenta,1722
659,45.8, 072-435, Aquamarine,1722
660,51.8, 303TNX, Orange,1723
661,45.8, IXU9832, Orange,1724
662,48.8, 757-920, Orchid,1724
663,46.4, 42NL4, SpringGreen,1725
664,50.6, MW9 3732, SpringGreen,1725
665,48.2, 0-6384O, Peru,1725
666,50.6, JIF E34, DarkSeaGreen,1726
667,48.2, HLG 992, Chocolate,1726
668,47.0, EIS J42, Chocolate,1726
669,51.8, 164SL, MediumSeaGreen,1726
670,49.4, 418-TRQ, Chartreuse,1727
671,46.4, 5697, MediumAquaMarine,1727
672,47.6, 3SZ16, PeachPuff,1727
673,49.4, 4CS85, DeepPink,1727
674,45.8, 505 AEM, MediumSeaGreen,1727
675,51.8, SZS 681, DarkKhaki,1727
676,50.0, R35-86G, DarkTurquoise,1728
677,49.4, 536 CBU, DarkOrange,1728
678,49.4, 5-11243G, FloralWhite,1728
679,45.8, 3M N3084, PeachPuff,1728
680,50.6, 195-ZGQ, MediumSeaGreen,1728
681,45.8, QH 79390, DarkMagenta,1728
682,49.4, NU1 0155, DarkOrange,1728
683,51.8, J34-91D, DarkGray,1728
684,48.2, PEK 323, DarkSlateGray,1729
685,52.4, 778 WSB, LavenderBlush,1729
686,45.8, HGT 152, LightYellow,1729
687,51.2, OOG U74, Silver,1729
688,51.8, MZO 293, PaleGreen,1729
689,52.4, 6NI 229, Yellow,1729
690,46.4, DZH-959, LightSalmon,1730
691,50.0, 3JO6349, Maroon,1730
692,47.6, 5060, Beige,1730
693,50.0, 947-BBN, MediumPurple,1730
694,47.6, A16 4RM, Brown,1731
695,51.8, 1BBL 90, Violet,1731
696,52.4, DSY-8039, PaleVioletRed,1731
697,48.2, 212DD, LawnGreen,1731
698,48.2, 0P 8T8IMG, SlateBlue,1731
699,51.8, HEM-713, Khaki,1731
700,46.4, 2-6764D, GoldenRod,1731
701,51.2, BRW-6279, DarkSlateGray,1732
702,47.0, 779JMS, PeachPuff,1732
703,50.6, 8YU3148, SteelBlue,1733
704,45.8, 4K 3864X, LightSteelBlue,1733
705,52.4, 3KX K14, Lime,1733
706,52.4, MDH 682, Maroon,1733
707,48.2, 7N Z3485, OrangeRed,1733
708,50.6, 121-SPO, Violet,1733
709,49.4, 066I, Gray,1733
710,50.6, 9206, Peru,1733
711,46.4, 6NZ0479, Aquamarine,1733
712,52.4, 029832, MediumSeaGreen,1733
713,45.8, EQJ 731, LightGreen,1733
714,45.8, TG 3200, Red,1734
715,48.8, 806JX, SeaGreen,1735
716,50.0, 02Y UF0, Turquoise,1735
717,51.8, LC7 K8A, Lavender,1735
718,49.4, MB6 7723, DarkOliveGreen,1735
719,49.4, 386 QDQ, MediumBlue,1735
720,47.0, 905HX, LightSeaGreen,1735
721,50.0, 992170, Silver,1735
722,47.6, 208 IN2, DodgerBlue,1736
723,51.8, 3-X4989, CadetBlue,1736
724,47.0, 547HAS, LightSkyBlue,1736
725,51.8, 521QK, Purple,1736
726,49.4, DXD-225, PapayaWhip,1737
727,48.8, 5R I5480, Turquoise,1737
728,50.6, 196-VNV, Salmon,1737
729,46.4, XDX-726, GhostWhite,1737
730,49.4, 0-56442R, DarkBlue,1737
731,51.2, S59 3OR, Brown,1737
732,50.0, 8O XX628, Yellow,1737
733,45.8, XGJ8340, Thistle,1737
734,46.4, 46W X20, GoldenRod,1738
735,48.2, J74-00G, Pink,1738
736,48.8, 0-R2156, Lavender,1738
737,48.2, 6-8592I, DarkGoldenRod,1738
738,49.4, 0664 GV, MediumPurple,1739
739,47.0, MQW 399, Blue,1739
740,47.6, ZHG-422, RoyalBlue,1739
741,47.6, 6B 0C2HMM, LightSlateGray,1739
742,50.0, ZJU0934, SlateBlue,1739
743,46.4, 5DT V17, Moccasin,1739
744,49.4, 1T SB573, Magenta,1739
745,45.8, XDY 019, PowderBlue,1740
746,49.4, P 378687, DodgerBlue,1740
747,50.6, AQO 165, Fuchsia,1740
748,50.0, 579-SYT, GoldenRod,1740
749,49.4, 602-PVZ, LightCoral,1740
750,47.6, RJV 690, Snow,1740
751,47.0, 785-PJX, Silver,1740
752,51.2, C43-67U, MidnightBlue,1740
753,50.0, 27-U514, HoneyDew,1740
754,50.6, 4EV Q12, AntiqueWhite,1740
755,50.0, SXY-878, SkyBlue,1740
756,51.8, 654FA, PowderBlue,1740
757,51.2, 361WBB, Brown,1740
758,47.6, 1PT G40, ForestGreen,1741
759,47.6, T42-BCA, Purple,1741
760,50.6, 3-3380F, Chocolate,1741
761,48.2, 21-PK09, BurlyWood,1741
762,48.8, 4UHM074, DarkGreen,1742
763,52.4, ECL-583, White,1742
764,48.8, 938T8, Lime,1742
765,45.8, HFF 5114, PapayaWhip,1743
766,49.4, QIQ 215, Orchid,1743
767,50.6, F80 9BN, LightPink,1743
768,51.8, 53XS0, Chartreuse,1743
769,47.6, AHZ5114, LightCyan,1743
770,51.2, 016 3449, DarkOliveGreen,1744
771,48.8, RDL5450, Coral,1744
772,48.2, 5-40275J, Indigo,1744
773,52.4, 6C 58122, Lavender,1745
774,49.4, CJW-8605, IndianRed,1745
775,51.2, 993 7817, Gray,1745
776,49.4, 5TK 990, Peru,1745
777,51.2, 1-56653, DarkSeaGreen,1745
778,45.8, 843 MMW, HoneyDew,1745
779,52.4, 230-ZMG, MediumSlateBlue,1745
780,48.2, 9UC D89, Brown,1745
781,51.8, 57E F65, Lime,1746
782,49.4, 45-62727, DarkSlateGray,1746
783,47.0, 5-51025R, MediumOrchid,1746
784,48.2, 4GD59, BurlyWood,1747
785,52.4, WO-8930, SaddleBrown,1747
786,47.6, C39-HCG, Gray,1747
787,47.6, 440 LA5, Chocolate,1747
788,51.2, 1FN 682, SaddleBrown,1748
789,52.4, R05-VUK, Beige,1748
790,49.4, 038-OPW, Chartreuse,1748
791,48.8, 616D2, Silver,1748
792,47.6, 960 8SJ, BlanchedAlmond,1748
793,50.0, 927 2GF, RoyalBlue,1748
794,46.4, MAQ 087, SlateBlue,1748
795,50.0, 759-IUY, YellowGreen,1748
796,49.4, UDY 290, RosyBrown,1748
797,47.0, PIN-300, MediumOrchid,1749
798,51.8, 9PH T08, Green,1749
799,52.4, 532-488, Gainsboro,1749
800,51.2, 1-T4631, NavajoWhite,1749
801,46.4, EYZ 687, DarkKhaki,1750
802,51.8, NL5 6564, AntiqueWhite,1750
803,47.6, 5O 31506, PeachPuff,1750
804,51.2, 6S 36510, HoneyDew,1750
805,47.0, J41 3CG, DimGray,1750
806,46.4, 6S 5423W, Turquoise,1751
807,47.6, AYE-7910, Linen,1751
808,45.8, 43-X882, MediumSpringGreen,1751
809,52.4, 564 EFY, MediumVioletRed,1751
810,52.4, 29-PN73, LightGray,1751
811,47.6, 6-7057N, MediumSpringGreen,1752
812,45.8, BKP-5711, White,1752
813,48.2, 657UJT, DarkOliveGreen,1752
814,48.8, 6VO 806, Yellow,1752
815,48.8, 5UA 097, Tan,1752
816,52.4, 04N HV8, WhiteSmoke,1753
817,49.4, MTR 318, PaleGreen,1753
818,49.4, R55 0BI, RoyalBlue,1753
819,51.2, 2X890, PaleTurquoise,1753
820,51.8, PI 98342, LightBlue,1753
821,50.0, P 334539, MediumOrchid,1755
822,46.4, CZM 339, HoneyDew,1755
823,46.4, 4FP W91, DarkGray,1755
824,51.8, 43-00517, LightSteelBlue,1755
825,48.8, 385 PMI, Wheat,1755
826,48.8, 56D U51, White,1756
827,49.4, TP 9968, MediumVioletRed,1757
828,47.0, 221R, DeepSkyBlue,1757
829,47.6, 403856, MediumVioletRed,1758
830,50.0, DWX-8970, Green,1758
831,46.4, 669 ZNA, LemonChiffon,1758
832,47.6, CKN R43, Snow,1759
833,50.6, 299 4887, Moccasin,1759
834,48.2, XA-5572, White,1759
835,48.2, 727BC, LimeGreen,1759
836,49.4, Q91 3EF, SteelBlue,1759
837,46.4, 2W701, Tomato,1759
