Unnamed: 0,surname,firstname,attendance,subject
1,Sullivan,Jorge,60,herbology
3,Wagner,Susan,60,herbology
6,Collins,Stephanie,60,herbology
11,Smith,Kimberly,55,herbology
12,Summers,Jennifer,60,herbology
16,Pratt,Walter,47,herbology
18,Rodriguez,Tasha,60,herbology
20,Maynard,Kimberly,60,herbology
24,Alvarez,Mary,48,herbology
26,Villanueva,Sarah,60,herbology
932,Hamilton,Brian,60,herbology
933,Levy,Susan,0,herbology
934,Green,Sean,60,herbology
936,Summers,Jennifer,60,herbology
938,Nguyen,Dana,60,herbology
941,Flores,Bobby,60,herbology
942,Rodriguez,Tasha,60,herbology
944,Maynard,Kimberly,60,herbology
955,Stark,Whitney,60,herbology
31,Stark,Whitney,59,herbology
33,Fisher,Norma,60,herbology
35,Woods,Elizabeth,60,herbology
38,Mcgrath,Theodore,60,herbology
39,Collins,Stephanie,60,herbology
47,Nguyen,Dana,0,herbology
50,Flores,Bobby,60,herbology
51,Rodriguez,Tasha,60,herbology
53,Maynard,Kimberly,60,herbology
54,Wallace,Laurie,60,herbology
56,Lopez,Collin,60,herbology
963,Collins,Stephanie,60,herbology
965,Hamilton,Brian,60,herbology
968,Smith,Kimberly,60,herbology
975,Rodriguez,Tasha,60,herbology
978,Wallace,Laurie,0,herbology
301,Montgomery,Peter,60,herbology
303,Collins,Stephanie,60,herbology
314,Flores,Bobby,60,herbology
319,Johnston,Janice,60,herbology
325,Cain,Desiree,60,herbology
327,Hayes,Lauren,60,herbology
332,Woods,Elizabeth,60,herbology
333,Wagner,Susan,60,herbology
340,Green,Sean,60,herbology
345,Bradley,Cheryl,60,herbology
349,Kelley,Michelle,60,herbology
354,Alvarez,Mary,60,herbology
356,Villanueva,Sarah,60,herbology
359,Lawrence,Stephanie,60,herbology
363,Fisher,Norma,60,herbology
365,Woods,Elizabeth,60,herbology
367,Montgomery,Peter,60,herbology
370,Sutton,Stephanie,60,herbology
372,Levy,Susan,60,herbology
382,Kelley,Michelle,60,herbology
388,Mcdowell,Peter,60,herbology
398,Woods,Elizabeth,45,herbology
406,Green,Sean,60,herbology
411,Bradley,Cheryl,60,herbology
420,Alvarez,Mary,60,herbology
438,Levy,Susan,60,herbology
439,Green,Sean,60,herbology
440,Smith,Kimberly,60,herbology
453,Alvarez,Mary,60,herbology
455,Villanueva,Sarah,60,herbology
458,Lawrence,Stephanie,60,herbology
463,Sullivan,Jorge,60,herbology
477,Bradley,Cheryl,60,herbology
479,Flores,Bobby,60,herbology
487,Mcdowell,Peter,60,herbology
490,Cain,Desiree,60,herbology
492,Hayes,Lauren,60,herbology
494,Salazar,Angela,60,herbology
497,Woods,Elizabeth,60,herbology
506,Smith,Kimberly,60,herbology
510,Bradley,Cheryl,0,herbology
513,Rodriguez,Tasha,53,herbology
514,Kelley,Michelle,60,herbology
519,Alvarez,Mary,60,herbology
521,Villanueva,Sarah,60,herbology
523,Cain,Desiree,60,herbology
525,Hayes,Lauren,60,herbology
526,Stark,Whitney,60,herbology
536,Hamilton,Brian,60,herbology
538,Green,Sean,60,herbology
542,Nguyen,Dana,57,herbology
543,Bradley,Cheryl,60,herbology
547,Kelley,Michelle,60,herbology
548,Maynard,Kimberly,60,herbology
554,Villanueva,Sarah,60,herbology
556,Cain,Desiree,60,herbology
565,Montgomery,Peter,60,herbology
568,Sutton,Stephanie,60,herbology
571,Green,Sean,60,herbology
575,Nguyen,Dana,60,herbology
577,Pratt,Walter,60,herbology
578,Flores,Bobby,60,herbology
593,Salazar,Angela,60,herbology
595,Sullivan,Jorge,60,herbology
599,Mcgrath,Theodore,60,herbology
60,Myers,Kimberly,60,herbology
61,Cain,Desiree,60,herbology
68,Woods,Elizabeth,60,herbology
70,Montgomery,Peter,60,herbology
89,Lopez,Collin,60,herbology
601,Sutton,Stephanie,0,herbology
603,Levy,Susan,60,herbology
606,Summers,Jennifer,0,herbology
608,Nguyen,Dana,60,herbology
609,Bradley,Cheryl,60,herbology
614,Maynard,Kimberly,60,herbology
619,Mcdowell,Peter,60,herbology
621,Myers,Kimberly,60,herbology
629,Woods,Elizabeth,60,herbology
639,Summers,Jennifer,60,herbology
649,Johnston,Janice,60,herbology
658,Stark,Whitney,60,herbology
660,Fisher,Norma,60,herbology
662,Woods,Elizabeth,60,herbology
663,Wagner,Susan,60,herbology
665,Mcgrath,Theodore,60,herbology
668,Hamilton,Brian,60,herbology
670,Green,Sean,60,herbology
674,Nguyen,Dana,60,herbology
676,Pratt,Walter,41,herbology
678,Rodriguez,Tasha,55,herbology
679,Kelley,Michelle,60,herbology
687,Myers,Kimberly,60,herbology
701,Hamilton,Brian,60,herbology
710,Flores,Bobby,60,herbology
713,Maynard,Kimberly,60,herbology
714,Wallace,Laurie,60,herbology
721,Cain,Desiree,60,herbology
731,Mcgrath,Theodore,60,herbology
746,Maynard,Kimberly,60,herbology
747,Wallace,Laurie,60,herbology
750,Alvarez,Mary,60,herbology
763,Montgomery,Peter,60,herbology
764,Mcgrath,Theodore,60,herbology
781,Johnston,Janice,60,herbology
785,Villanueva,Sarah,60,herbology
786,Myers,Kimberly,60,herbology
788,Lawrence,Stephanie,60,herbology
800,Hamilton,Brian,60,herbology
801,Levy,Susan,60,herbology
811,Kelley,Michelle,60,herbology
812,Maynard,Kimberly,60,herbology
815,Lopez,Collin,60,herbology
820,Cain,Desiree,60,herbology
824,Salazar,Angela,60,herbology
827,Woods,Elizabeth,60,herbology
835,Green,Sean,60,herbology
846,Wallace,Laurie,46,herbology
851,Villanueva,Sarah,60,herbology
852,Myers,Kimberly,60,herbology
863,Mcgrath,Theodore,60,herbology
873,Bradley,Cheryl,60,herbology
880,Johnston,Janice,60,herbology
890,Salazar,Angela,60,herbology
895,Montgomery,Peter,60,herbology
896,Mcgrath,Theodore,60,herbology
97,Stark,Whitney,60,herbology
98,Salazar,Angela,60,herbology
99,Fisher,Norma,60,herbology
102,Wagner,Susan,60,herbology
106,Sutton,Stephanie,60,herbology
112,Snyder,April,60,herbology
115,Pratt,Walter,60,herbology
118,Kelley,Michelle,60,herbology
900,Levy,Susan,60,herbology
901,Green,Sean,60,herbology
907,Pratt,Walter,60,herbology
912,Wallace,Laurie,60,herbology
921,Hayes,Lauren,60,herbology
923,Salazar,Angela,60,herbology
928,Montgomery,Peter,60,herbology
122,Lopez,Collin,45,herbology
126,Myers,Kimberly,60,herbology
129,Hayes,Lauren,60,herbology
137,Mcgrath,Theodore,60,herbology
141,Levy,Susan,60,herbology
152,Maynard,Kimberly,60,herbology
164,Salazar,Angela,60,herbology
167,Woods,Elizabeth,60,herbology
170,Mcgrath,Theodore,60,herbology
172,Sutton,Stephanie,60,herbology
175,Green,Sean,60,herbology
178,Snyder,April,60,herbology
182,Flores,Bobby,60,herbology
183,Rodriguez,Tasha,60,herbology
185,Maynard,Kimberly,60,herbology
188,Lopez,Collin,60,herbology
193,Cain,Desiree,60,herbology
196,Stark,Whitney,60,herbology
207,Levy,Susan,60,herbology
210,Summers,Jennifer,60,herbology
215,Flores,Bobby,60,herbology
219,Wallace,Laurie,60,herbology
220,Johnston,Janice,0,herbology
223,Mcdowell,Peter,60,herbology
229,Stark,Whitney,60,herbology
230,Salazar,Angela,60,herbology
237,Collins,Stephanie,60,herbology
244,Snyder,April,0,herbology
248,Flores,Bobby,60,herbology
261,Hayes,Lauren,60,herbology
272,Hamilton,Brian,60,herbology
275,Smith,Kimberly,60,herbology
284,Maynard,Kimberly,42,herbology
287,Lopez,Collin,60,herbology
297,Fisher,Norma,60,herbology
